{
    "name": "hb_edu_upsec",
    "orig": "home",
    "dest": "students_upper_secondary",
    "area": "all",
    "struct": "mode>dest",
    "impedance_share": {
        "car_work": {
            "aht": [
                0.5893,
                0.0073
            ],
            "pt": [
                0.399,
                0.3364
            ],
            "iht": [
                0,
                0.4859
            ],
            "ilt": [
                0.0117,
                0.1704
            ]
        },
        "car_pax": {
            "aht": [
                0.5893,
                0.0073
            ],
            "pt": [
                0.399,
                0.3364
            ],
            "iht": [
                0,
                0.4859
            ],
            "ilt": [
                0.0117,
                0.1704
            ]
        },
        "transit_work": {
            "aht": [
                0.5893,
                0.0073
            ],
            "pt": [
                0.399,
                0.3364
            ],
            "iht": [
                0,
                0.4859
            ],
            "ilt": [
                0.0117,
                0.1704
            ]
        },
        "bike": {
            "aht": [
                0.5893,
                0.0073
            ],
            "pt": [
                0.399,
                0.3364
            ],
            "iht": [
                0,
                0.4859
            ],
            "ilt": [
                0.0117,
                0.1704
            ]
        },
        "walk": {
            "aht": [
                0.5893,
                0.0073
            ],
            "pt": [
                0.399,
                0.3364
            ],
            "iht": [
                0,
                0.4859
            ],
            "ilt": [
                0.0117,
                0.1704
            ]
        }
    },
    "distance_boundaries": {
        "car_work": [
            0,
            100
        ],
        "car_pax": [
            0,
            100
        ],
        "transit_work": [
            0,
            100
        ],
        "bike": [
            0,
            100
        ],
        "walk": [
            0,
            100
        ]
    },
    "destination_choice": {
        "car_work": {
            "attraction": {
                "within_zone_time": -0.03794
            },
            "impedance": {
                "time": -0.03794,
                "cost": -0.24784
            },
            "log": {
                "attraction_size": 1,
                "cost": -0.28955
            },
            "attraction_size": {
                "students_upper_secondary": 1
            }
        },
        "car_pax": {
            "attraction": {
                "within_zone_time": -0.09226
            },
            "impedance": {
                "time": -0.09226,
                "cost": -0.24784
            },
            "log": {
                "attraction_size": 1,
                "cost": -0.28955
            },
            "attraction_size": {
                "students_upper_secondary": 1
            }
        },
        "transit_work": {
            "attraction": {
                "within_zone_inf": -1
            },
            "impedance": {
                "time": -0.01139,
                "cost": -0.24784
            },
            "log": {
                "attraction_size": 1,
                "cost": -0.28955
            },
            "attraction_size": {
                "students_upper_secondary": 1
            }
        },
        "bike": {
            "attraction": {
                "within_zone_dist": -0.44617
            },
            "impedance": {
                "dist": -0.44617
            },
            "log": {
                "attraction_size": 1
            },
            "attraction_size": {
                "students_upper_secondary": 1
            }
        },
        "walk": {
            "attraction": {
                "within_zone_dist": -0.73084
            },
            "impedance": {
                "dist": -0.73084
            },
            "log": {
                "attraction_size": 1
            },
            "attraction_size": {
                "students_upper_secondary": 1
            }
        }
    },
    "mode_choice": {
        "car_work": {
            "constant": -7.6202,
            "generation": {
                "car_density": 10.37936
            },
            "attraction": {},
            "impedance": {},
            "log": {
                "logsum": 0.4492
            },
            "individual_dummy": {}
        },
        "car_pax": {
            "constant": -7.53752,
            "generation": {
                "car_density": 5.28319
            },
            "attraction": {},
            "impedance": {},
            "log": {
                "logsum": 0.4492
            },
            "individual_dummy": {}
        },
        "transit_work": {
            "constant": -0.93517,
            "generation": {},
            "attraction": {},
            "impedance": {},
            "log": {
                "logsum": 0.4492
            },
            "individual_dummy": {}
        },
        "bike": {
            "constant": -0.91002,
            "generation": {},
            "attraction": {},
            "impedance": {},
            "log": {
                "logsum": 0.4492
            },
            "individual_dummy": {}
        },
        "walk": {
            "constant": 0,
            "generation": {},
            "attraction": {},
            "impedance": {},
            "log": {
                "logsum": 0.4492
            },
            "individual_dummy": {}
        }
    },
    "demand_share": {
        "car_work": {
            "aht": [
                0.4213,
                0
            ],
            "pt": [
                0.0707,
                0.1097
            ],
            "iht": [
                0,
                0.2138
            ],
            "ilt": [
                0,
                0.0102
            ]
        },
        "car_pax": {
            "aht": [
                0.4213,
                0
            ],
            "pt": [
                0.0707,
                0.1097
            ],
            "iht": [
                0,
                0.2138
            ],
            "ilt": [
                0,
                0.0102
            ]
        },
        "transit_work": {
            "aht": [
                0.4213,
                0
            ],
            "pt": [
                0.0707,
                0.1097
            ],
            "iht": [
                0,
                0.2138
            ],
            "ilt": [
                0,
                0.0102
            ]
        },
        "bike": {
            "aht": [
                0.4213,
                0
            ],
            "pt": [
                0.0707,
                0.1097
            ],
            "iht": [
                0,
                0.2138
            ],
            "ilt": [
                0,
                0.0102
            ]
        },
        "walk": {
            "aht": [
                0.4213,
                0
            ],
            "pt": [
                0.0707,
                0.1097
            ],
            "iht": [
                0,
                0.2138
            ],
            "ilt": [
                0,
                0.0102
            ]
        }
    }
}
