{
    "name": "hs",
    "orig": "home",
    "dest": "shopping",
    "area": "metropolitan",
    "struct": "mode>dest",
    "impedance_share": {
        "car": {
            "aht": [
                0.096467,
                0.042198
            ],
            "pt": [
                0.642764,
                0.712821
            ],
            "iht": [
                0.260769,
                0.244981
            ],
            "vrk": [
                1,
                1
            ]
        },
        "transit": {
            "aht": [
                0.096467,
                0.042198
            ],
            "pt": [
                0.642764,
                0.712821
            ],
            "iht": [
                0.260769,
                0.244981
            ],
            "vrk": [
                1,
                1
            ]
        },
        "bike": {
            "aht": [
                0,
                0
            ],
            "pt": [
                1,
                1
            ],
            "iht": [
                0,
                0
            ],
            "vrk": [
                1,
                1
            ]
        },
        "walk": {
            "aht": [
                0,
                0
            ],
            "pt": [
                1,
                1
            ],
            "iht": [
                0,
                0
            ],
            "vrk": [
                1,
                1
            ]
        }
    },
    "distance_boundaries": {
        "car": [
            0,
            9999
        ],
        "transit": [
            0,
            9999
        ],
        "bike": [
            0,
            60
        ],
        "walk": [
            0,
            15
        ]
    },
    "destination_choice": {
        "car": {
            "attraction": {
                "parking_cost_errand": -0.198005522852
            },
            "impedance": {
                "time": -0.0427449023,
                "cost": -0.477596673469
            },
            "log": {
                "attraction_size": 1.0
            },
            "attraction_size": {
                "population_other": 1,
                "population_own": 4.683632587654055,
                "shops_other": 571.573389012251,
                "shops_own": [
                    366.13541942947086,
                    1079.7956123126799
                ],
                "service_other": 44.79903372769062,
                "service_own": [
                    81.39077090214369,
                    158.26360899252816
                ],
                "cbd": [
                    7489.052294301627,
                    1303.9570020175179
                ]
            }
        },
        "transit": {
            "attraction": {
                "cbd": [
                    0.194157681759,
                    4.25838834127
                ],
                "helsinki_other": [
                    0.0,
                    0.0
                ]
            },
            "impedance": {
                "time": -0.0268255591268,
                "cost": -0.477596673469
            },
            "log": {
                "attraction_size": 1.0
            },
            "attraction_size": {
                "population_other": 1,
                "population_own": 4.683632587654055,
                "shops_other": 571.573389012251,
                "shops_own": [
                    366.13541942947086,
                    1079.7956123126799
                ],
                "service_other": 44.79903372769062,
                "service_own": [
                    81.39077090214369,
                    158.26360899252816
                ],
                "cbd": [
                    7489.052294301627,
                    1303.9570020175179
                ]
            }
        },
        "bike": {
            "attraction": {},
            "impedance": {},
            "log": {
                "dist": [
                    -1.95518149948,
                    -1.67112409733
                ],
                "attraction_size": 1.0
            },
            "attraction_size": {
                "population_other": 1,
                "population_own": 4.683632587654055,
                "shops_other": 571.573389012251,
                "shops_own": [
                    366.13541942947086,
                    1079.7956123126799
                ],
                "service_other": 44.79903372769062,
                "service_own": [
                    81.39077090214369,
                    158.26360899252816
                ],
                "cbd": [
                    7489.052294301627,
                    1303.9570020175179
                ]
            }
        },
        "walk": {
            "attraction": {
                "own_zone_area_sqrt": [
                    -4.16874228834,
                    -5.92081529262
                ],
                "population_density": 2.15025563001e-05
            },
            "impedance": {},
            "log": {
                "dist": -4.00475528272,
                "attraction_size": 1.0
            },
            "attraction_size": {
                "population_other": 1,
                "population_own": 4.683632587654055,
                "shops_other": 571.573389012251,
                "shops_own": [
                    366.13541942947086,
                    1079.7956123126799
                ],
                "service_other": 44.79903372769062,
                "service_own": [
                    81.39077090214369,
                    158.26360899252816
                ],
                "cbd": [
                    7489.052294301627,
                    1303.9570020175179
                ]
            }
        }
    },
    "mode_choice": {
        "car": {
            "constant": [
                0.168617648110626,
                0.098664815767518
            ],
            "generation": {
                "car_density": [
                    5.202807102153522,
                    8.670670684820204
                ]
            },
            "attraction": {},
            "impedance": {},
            "log": {
                "logsum": 0.522036062262
            },
            "individual_dummy": {
                "car_users": [
                    2.353476638586308,
                    1.8818884497338886
                ]
            }
        },
        "transit": {
            "constant": [
                3.5915078612711486,
                3.2747199160118847
            ],
            "generation": {
                "espoo_vant_kau": -0.3
            },
            "attraction": {},
            "impedance": {},
            "log": {
                "logsum": 0.522036062262
            },
            "individual_dummy": {}
        },
        "bike": {
            "constant": [
                2.434375916765981,
                4.2002069033367295
            ],
            "generation": {},
            "attraction": {},
            "impedance": {},
            "log": {
                "logsum": 0.522036062262
            },
            "individual_dummy": {}
        },
        "walk": {
            "constant": [
                5.95140712623662,
                7.001093048977517
            ],
            "generation": {},
            "attraction": {},
            "impedance": {},
            "log": {
                "logsum": 0.522036062262
            },
            "individual_dummy": {}
        }
    }
}