{
    "name": "hu",
    "orig": "home",
    "dest": "tertiary_education",
    "area": "metropolitan",
    "struct": "mode>dest",
    "impedance_share": {
        "car_work": {
            "aht": [
                0.485475,
                0.010482
            ],
            "pt": [
                0.430205,
                0.609424
            ],
            "iht": [
                0.08432,
                0.380094
            ]
        },
        "transit_work": {
            "aht": [
                0.485475,
                0.010482
            ],
            "pt": [
                0.430205,
                0.609424
            ],
            "iht": [
                0.08432,
                0.380094
            ]
        },
        "bike": {
            "aht": [
                0,
                0
            ],
            "pt": [
                1,
                1
            ],
            "iht": [
                0,
                0
            ]
        },
        "walk": {
            "aht": [
                0,
                0
            ],
            "pt": [
                1,
                1
            ],
            "iht": [
                0,
                0
            ]
        }
    },
    "distance_boundaries": {
        "car_work": [
            0,
            9999
        ],
        "transit_work": [
            0,
            9999
        ],
        "bike": [
            0,
            60
        ],
        "walk": [
            0,
            15
        ]
    },
    "destination_choice": {
        "car_work": {
            "attraction": {
                "parking_cost_work": [
                    -0.357366885936,
                    -0.357366885936
                ]
            },
            "impedance": {
                "time": -0.029712065,
                "cost": -0.225091401758
            },
            "log": {
                "attraction_size": 1.0
            },
            "attraction_size": {
                "secondary_schools": 0.2936516921258855,
                "tertiary_education": 1
            }
        },
        "transit_work": {
            "attraction": {
                "cbd": [
                    0.145828916891,
                    0.145828916891
                ]
            },
            "impedance": {
                "time": [
                    -0.0135191971654,
                    -0.0135191971654
                ],
                "cost": [
                    -0.225091401758,
                    -0.225091401758
                ]
            },
            "log": {
                "attraction_size": 1.0
            },
            "attraction_size": {
                "secondary_schools": 0.2936516921258855,
                "tertiary_education": 1
            }
        },
        "bike": {
            "attraction": {},
            "impedance": {},
            "log": {
                "dist": [
                    -1.70901466021,
                    -1.70901466021
                ],
                "attraction_size": 1.0
            },
            "attraction_size": {
                "secondary_schools": 0.2936516921258855,
                "tertiary_education": 1
            }
        },
        "walk": {
            "attraction": {
                "own_zone_area_sqrt": -2.28428769533
            },
            "impedance": {},
            "log": {
                "dist": -3.32824531424,
                "attraction_size": 1.0
            },
            "attraction_size": {
                "secondary_schools": 0.2936516921258855,
                "tertiary_education": 1
            }
        }
    },
    "mode_choice": {
        "car_work": {
            "constant": [
                -0.315,
                0.675
            ],
            "generation": {
                "car_density": 5.04851816443
            },
            "attraction": {},
            "impedance": {},
            "log": {
                "logsum": 1.0
            },
            "individual_dummy": {}
        },
        "transit_work": {
            "constant": [
                3.17809878421,
                3.59309878421
            ],
            "generation": {
                "cbd": 0.5,
                "helsinki_other": 0.1,
                "espoo_vant_kau": -0.7
            },
            "attraction": {},
            "impedance": {},
            "log": {
                "logsum": 1.0
            },
            "individual_dummy": {}
        },
        "bike": {
            "constant": [
                3.62351960342,
                5.15451960342
            ],
            "generation": {},
            "attraction": {},
            "impedance": {},
            "log": {
                "logsum": 1.0
            },
            "individual_dummy": {}
        },
        "walk": {
            "constant": [
                6.65985830247,
                7.41985830247
            ],
            "generation": {},
            "attraction": {},
            "impedance": {},
            "log": {
                "logsum": 1.0
            },
            "individual_dummy": {}
        }
    },
    "demand_share": {
        "car_work": {
            "aht": [
                0.382660524070486,
                0.0127971082664054
            ],
            "pt": [
                0.0401662768013263,
                0.0419553527613303
            ],
            "iht": [
                0.0634572553797318,
                0.174561156092557
            ]
        },
        "transit_work": {
            "aht": [
                0.284476235025134,
                0.00561152590349421
            ],
            "pt": [
                0.0601280307807604,
                0.0510887696999263
            ],
            "iht": [
                0.0446532572748154,
                0.126845096164362
            ]
        },
        "bike": {
            "aht": [
                0.229360821622338,
                0
            ],
            "pt": [
                0.0853918424071615,
                0.0977621699203758
            ],
            "iht": [
                0,
                0.139908006489409
            ]
        },
        "walk": {
            "aht": [
                0.231109452978529,
                0.0309167551561489
            ],
            "pt": [
                0.070746711397507,
                0.0467990916911236
            ],
            "iht": [
                0.0684187871098807,
                0.149939088659526
            ]
        }
    }
}