{
    "name": "hw",
    "orig": "home",
    "dest": "work",
    "area": "metropolitan",
    "struct": "mode>dest",
    "impedance_share": {
        "car_work": {
            "aht": [
                0.746026,
                0.015065
            ],
            "pt": [
                0.234217,
                0.329877
            ],
            "iht": [
                0.019757,
                0.655057
            ],
            "vrk": [
                1,
                1
            ]
        },
        "transit_work": {
            "aht": [
                0.746026,
                0.015065
            ],
            "pt": [
                0.234217,
                0.329877
            ],
            "iht": [
                0.019757,
                0.655057
            ],
            "vrk": [
                1,
                1
            ]
        },
        "bike": {
            "aht": [
                0,
                0
            ],
            "pt": [
                1,
                1
            ],
            "iht": [
                0,
                0
            ],
            "vrk": [
                1,
                1
            ]
        },
        "walk": {
            "aht": [
                0,
                0
            ],
            "pt": [
                1,
                1
            ],
            "iht": [
                0,
                0
            ],
            "vrk": [
                1,
                1
            ]
        }
    },
    "distance_boundaries": {
        "car_work": [
            0,
            9999
        ],
        "transit_work": [
            0,
            9999
        ],
        "bike": [
            0,
            60
        ],
        "walk": [
            0,
            15
        ]
    },
    "destination_choice": {
        "car_work": {
            "attraction": {
                "parking_cost_work": -0.343374988523
            },
            "impedance": {
                "time": [
                    -0.0132535252,
                    -0.0180517183
                ],
                "cost": [
                    -0.1004054942,
                    -0.136755441374
                ]
            },
            "log": {
                "attraction_size": 1.0
            },
            "attraction_size": {
                "cbd": [
                    108.63648967990468,
                    230.0339820585097
                ],
                "workplaces_own": [
                    1.3693934320750605,
                    2.4767515567319744
                ],
                "workplaces_other": 1
            }
        },
        "transit_work": {
            "attraction": {
                "cbd": [
                    0.491418509053,
                    0.491418509053
                ]
            },
            "impedance": {
                "time": -0.0101838292646,
                "cost": [
                    -0.100405494227,
                    -0.136755441374
                ]
            },
            "log": {
                "attraction_size": 1.0
            },
            "attraction_size": {
                "cbd": [
                    108.63648967990468,
                    230.0339820585097
                ],
                "workplaces_own": [
                    1.3693934320750605,
                    2.4767515567319744
                ],
                "workplaces_other": 1
            }
        },
        "bike": {
            "attraction": {},
            "impedance": {},
            "log": {
                "dist": [
                    -1.11623384398,
                    -1.3592708114
                ],
                "attraction_size": 1.0
            },
            "attraction_size": {
                "cbd": [
                    108.63648967990468,
                    230.0339820585097
                ],
                "workplaces_own": [
                    1.3693934320750605,
                    2.4767515567319744
                ],
                "workplaces_other": 1
            }
        },
        "walk": {
            "attraction": {
                "own_zone_area_sqrt": [
                    -2.15046600566,
                    -2.08475720417
                ]
            },
            "impedance": {},
            "log": {
                "dist": -2.66277304293,
                "attraction_size": 1.0
            },
            "attraction_size": {
                "cbd": [
                    108.63648967990468,
                    230.0339820585097
                ],
                "workplaces_own": [
                    1.3693934320750605,
                    2.4767515567319744
                ],
                "workplaces_other": 1
            }
        }
    },
    "mode_choice": {
        "car_work": {
            "constant": [
                0.23100097186810603,
                0.208565625679477
            ],
            "generation": {
                "car_density": [
                    2.3503873126287513,
                    3.7643165361068185
                ]
            },
            "attraction": {},
            "impedance": {},
            "log": {
                "logsum": 0.830938747727
            },
            "individual_dummy": {
                "car_users": [
                    2.526051439921403,
                    2.4521865021250284
                ]
            }
        },
        "transit_work": {
            "constant": [
                2.6998874096268315,
                2.3484376591912706
            ],
            "generation": {
                "cbd": 0.4,
                "helsinki_other": -0.1,
                "espoo_vant_kau": -0.3
            },
            "attraction": {},
            "impedance": {},
            "log": {
                "logsum": 0.830938747727
            },
            "individual_dummy": {}
        },
        "bike": {
            "constant": [
                3.148907265438679,
                3.6170161206362916
            ],
            "generation": {},
            "attraction": {},
            "impedance": {},
            "log": {
                "logsum": 0.830938747727
            },
            "individual_dummy": {}
        },
        "walk": {
            "constant": [
                5.184886160179416,
                5.072700877314392
            ],
            "generation": {},
            "attraction": {},
            "impedance": {},
            "log": {
                "logsum": 0.830938747727
            },
            "individual_dummy": {}
        }
    },
    "demand_share": {
        "car_work": {
            "aht": [
                0.288820549293814,
                0.00164983305999384
            ],
            "pt": [
                0.0191570544576966,
                0.0187771980766991
            ],
            "iht": [
                0.00837994382924266,
                0.200731740107779
            ]
        },
        "transit_work": {
            "aht": [
                0.262479154675437,
                0.00454557641637759
            ],
            "pt": [
                0.0225536757473919,
                0.0128179742542008
            ],
            "iht": [
                0.00652782252709554,
                0.195785332057699
            ]
        },
        "bike": {
            "aht": [
                0.333051067436711,
                0.00608107081976724
            ],
            "pt": [
                0.0243488683605967,
                0.0108569277701356
            ],
            "iht": [
                0.00253869404962361,
                0.305891580275386
            ]
        },
        "walk": {
            "aht": [
                0.273980325226173,
                0
            ],
            "pt": [
                0.0435560236876547,
                0.0189789041646973
            ],
            "iht": [
                0.0103649240096114,
                0.216436049124337
            ]
        }
    }
}