{
    "name": "oop",
    "orig": "source",
    "dest": "other",
    "source": [
        "sop"
    ],
    "area": "all",
    "struct": "mode>dest",
    "impedance_share": {
        "car_leisure": {
            "aht": [
                0.18377,
                0.071658
            ],
            "pt": [
                0.714281,
                0.754509
            ],
            "iht": [
                0.101948,
                0.173833
            ]
        },
        "transit_leisure": {
            "aht": [
                0.18377,
                0.071658
            ],
            "pt": [
                0.714281,
                0.754509
            ],
            "iht": [
                0.101948,
                0.173833
            ]
        }
    },
    "distance_boundaries": {
        "car_leisure": [
            0,
            9999
        ],
        "transit_leisure": [
            0,
            9999
        ]
    },
    "destination_choice": {
        "car_leisure": {
            "attraction": {
                "parking_cost_errand": -0.227398812175
            },
            "impedance": {
                "time": [
                    -0.0427365675012,
                    -0.0477365675012
                ],
                "cost": -0.227398812175
            },
            "log": {
                "attraction_size": 1
            },
            "attraction_size": {
                "population": 1,
                "workplaces": 3.548453112443126,
                "shops_cbd": [
                    2.9726339946617237,
                    441.17800200345823
                ],
                "shops_elsewhere": 13.766802535817257
            }
        },
        "transit_leisure": {
            "attraction": {
                "cbd": [
                    1.84600723332,
                    4.84600723332
                ]
            },
            "impedance": {
                "time": -0.00819579857062,
                "cost": [
                    -0.427398812175,
                    -0.427398812175
                ]
            },
            "log": {
                "attraction_size": 1
            },
            "attraction_size": {
                "population": 1,
                "workplaces": 3.548453112443126,
                "shops_cbd": 59.7069498589009,
                "shops_elsewhere": 13.766802535817257
            }
        }
    },
    "mode_choice": {
        "car_leisure": {
            "constant": 0.09656174479207501,
            "generation": {},
            "attraction": {},
            "impedance": {},
            "log": {
                "logsum": 0.715272183645
            },
            "individual_dummy": {}
        },
        "transit_leisure": {
            "constant": -2.2893821531891683,
            "generation": {},
            "attraction": {},
            "impedance": {},
            "log": {
                "logsum": 0.715272183645
            },
            "individual_dummy": {}
        }
    },
    "demand_share": {
        "car_leisure": {
            "aht": [
                0.0585795789311712,
                0.041118431421166
            ],
            "pt": [
                0.114889840412835,
                0.116203520254407
            ],
            "iht": [
                0.0397633661562958,
                0.0277396603049591
            ]
        },
        "transit_leisure": {
            "aht": [
                0.376361385885435,
                0
            ],
            "pt": [
                0.0869523179383367,
                0.0347224022302181
            ],
            "iht": [
                0.0112765910942976,
                0.0136093560308682
            ]
        }
    }
}