{
    "name": "wo",
    "orig": "source",
    "dest": "other",
    "source": [
        "hw"
    ],
    "area": "all",
    "struct": "mode>dest",
    "impedance_share": {
        "car_leisure": {
            "aht": [
                0.060857,
                0.131316
            ],
            "pt": [
                0.781535,
                0.785023
            ],
            "iht": [
                0.157608,
                0.083661
            ],
            "vrk": [
                1,
                1
            ]
        },
        "transit_leisure": {
            "aht": [
                0.060857,
                0.131316
            ],
            "pt": [
                0.781535,
                0.785023
            ],
            "iht": [
                0.157608,
                0.083661
            ],
            "vrk": [
                1,
                1
            ]
        },
        "bike": {
            "aht": [
                0,
                0
            ],
            "pt": [
                1,
                1
            ],
            "iht": [
                0,
                0
            ],
            "vrk": [
                1,
                1
            ]
        },
        "walk": {
            "aht": [
                0,
                0
            ],
            "pt": [
                1,
                1
            ],
            "iht": [
                0,
                0
            ],
            "vrk": [
                1,
                1
            ]
        }
    },
    "distance_boundaries": {
        "car_leisure": [
            0,
            9999
        ],
        "transit_leisure": [
            0,
            9999
        ],
        "bike": [
            0,
            60
        ],
        "walk": [
            0,
            15
        ]
    },
    "destination_choice": {
        "car_leisure": {
            "attraction": {
                "parking_cost_errand": -0.291338216556
            },
            "impedance": {
                "time": -0.0371080433,
                "cost": -0.281121539905
            },
            "log": {
                "attraction_size": 1
            },
            "attraction_size": {
                "population": 1,
                "workplaces": 1.4931447755055838,
                "service": 4.899936388531657,
                "shops_cbd": 36.161227785768844,
                "shops_elsewhere": 29.03185180709253,
                "own_zone": [
                    1034.3523780364185,
                    1034.3523780364185
                ]
            }
        },
        "transit_leisure": {
            "attraction": {
                "cbd": 0.350354942258,
                "own_zone": -1.87675547285
            },
            "impedance": {
                "time": -0.0190572340198,
                "cost": -0.281121539905
            },
            "log": {
                "attraction_size": 1
            },
            "attraction_size": {
                "population": 1,
                "workplaces": 1.4931447755055838,
                "service": 4.899936388531657,
                "shops_cbd": 36.161227785768844,
                "shops_elsewhere": 29.03185180709253,
                "own_zone": [
                    1034.3523780364185,
                    1034.3523780364185
                ]
            }
        },
        "bike": {
            "attraction": {},
            "impedance": {},
            "log": {
                "dist": [
                    -2.05206422461,
                    -1.82198542728
                ],
                "attraction_size": 1
            },
            "attraction_size": {
                "population": 1,
                "workplaces": 1.4931447755055838,
                "service": 4.899936388531657,
                "shops_cbd": 36.161227785768844,
                "shops_elsewhere": 29.03185180709253,
                "own_zone": [
                    1034.3523780364185,
                    1034.3523780364185
                ]
            }
        },
        "walk": {
            "attraction": {
                "own_zone_area_sqrt": [
                    -1.10044318679,
                    -1.94548368752
                ]
            },
            "impedance": {},
            "log": {
                "dist": -3.38855455974,
                "attraction_size": 1
            },
            "attraction_size": {
                "population": 1,
                "workplaces": 1.4931447755055838,
                "service": 4.899936388531657,
                "shops_cbd": 36.161227785768844,
                "shops_elsewhere": 29.03185180709253,
                "own_zone": [
                    1034.3523780364185,
                    1034.3523780364185
                ]
            }
        }
    },
    "mode_choice": {
        "car_leisure": {
            "constant": [
                0.37344004706008,
                0.798587177559248
            ],
            "generation": {
                "car_density": [
                    2.019845153892125,
                    2.203129466617543
                ]
            },
            "attraction": {},
            "impedance": {},
            "log": {
                "logsum": 0.718153936654
            },
            "individual_dummy": {}
        },
        "transit_leisure": {
            "constant": [
                0.9419571012680608,
                -1.5478825971113572
            ],
            "generation": {
                "cbd": 0.9,
                "helsinki_other": -0.1,
                "espoo_vant_kau": -0.9
            },
            "attraction": {},
            "impedance": {},
            "log": {
                "logsum": 0.718153936654
            },
            "individual_dummy": {}
        },
        "bike": {
            "constant": [
                0.901232650926649,
                -0.15565490246074853
            ],
            "generation": {},
            "attraction": {},
            "impedance": {},
            "log": {
                "logsum": 0.718153936654
            },
            "individual_dummy": {}
        },
        "walk": {
            "constant": [
                4.485001448888134,
                3.845844445266074
            ],
            "generation": {},
            "attraction": {},
            "impedance": {},
            "log": {
                "logsum": 0.718153936654
            },
            "individual_dummy": {}
        }
    },
    "demand_share": {
        "car_leisure": {
            "aht": [
                0.0276329210085113,
                0.0160545369209701
            ],
            "pt": [
                0.117661361659664,
                0.112453940581752
            ],
            "iht": [
                0.0444924430264217,
                0.0342827141128922
            ]
        },
        "transit_leisure": {
            "aht": [
                0.0612632351804617,
                0.262154110522183
            ],
            "pt": [
                0.0433316351591352,
                0.0504505017148806
            ],
            "iht": [
                0.106235593058989,
                0.0737024653715484
            ]
        },
        "bike": {
            "aht": [
                0.086082711150622,
                0
            ],
            "pt": [
                0.123481019815671,
                0.108973372738578
            ],
            "iht": [
                0.0389737064352321,
                0
            ]
        },
        "walk": {
            "aht": [
                0.011792243269137,
                0.00568311888204953
            ],
            "pt": [
                0.142991903140661,
                0.136629905882937
            ],
            "iht": [
                0.0353877586419574,
                0.00914593563528563
            ]
        }
    }
}